video_id,creator,title,local_video,clip_path,start_seconds,end_seconds,moment_bucket,role_tag,clip_priority,visual_evidence,on_screen_text,spoken_evidence,why_this_moment_matters,mumuki_reuse_note
7318924509522791710,@thenaturalnadine,Banana Peel Skincare Scrub,/Users/borgrise/Desktop/codex/视频创作_重构版/01-内容生产/workspaces/MUMUKI_Creator_Reference_Hub/site/assets/videos/viral-natural-nadine-banana-peel.mp4,/Users/borgrise/Desktop/codex/视频创作_重构版/01-内容生产/workspaces/MUMUKI_Creator_Reference_Hub/content/visual-hook-mining/clips/thenaturalnadine__banana-peel-skincare-scrub__7318924509522791710_v3_31flashlite/beat-01.mp4,36.0,39.0,hook_moment,stop-power,1,The creator holds a banana peel and begins rubbing the inside of it directly onto her cheek.,then take your banana peel and start rubbing it gently all over your face,then take your banana peel and start rubbing it gently all over your face,This is the core 'what is she doing' moment that creates immediate curiosity and visual intrigue.,Can be adapted by showing the application of the MUMUKI ampoule in a similar direct-to-skin motion to highlight texture and ease of use.
7318924509522791710,@thenaturalnadine,Banana Peel Skincare Scrub,/Users/borgrise/Desktop/codex/视频创作_重构版/01-内容生产/workspaces/MUMUKI_Creator_Reference_Hub/site/assets/videos/viral-natural-nadine-banana-peel.mp4,/Users/borgrise/Desktop/codex/视频创作_重构版/01-内容生产/workspaces/MUMUKI_Creator_Reference_Hub/content/visual-hook-mining/clips/thenaturalnadine__banana-peel-skincare-scrub__7318924509522791710_v3_31flashlite/beat-02.mp4,39.5,43.0,application_moment,product-like application,2,Close-up shot of the creator rubbing the banana peel under her eye and across her cheekbone.,you'll be hydrating your skin from the inside out from the potassium it contains,,Demonstrates the specific application technique and highlights the 'skincare' aspect of the DIY method.,"Use this framing to show the ampoule being applied to the under-eye area, emphasizing the product's targeted benefits."
7318924509522791710,@thenaturalnadine,Banana Peel Skincare Scrub,/Users/borgrise/Desktop/codex/视频创作_重构版/01-内容生产/workspaces/MUMUKI_Creator_Reference_Hub/site/assets/videos/viral-natural-nadine-banana-peel.mp4,/Users/borgrise/Desktop/codex/视频创作_重构版/01-内容生产/workspaces/MUMUKI_Creator_Reference_Hub/content/visual-hook-mining/clips/thenaturalnadine__banana-peel-skincare-scrub__7318924509522791710_v3_31flashlite/beat-03.mp4,47.5,51.0,application_moment,product-like application,3,Close-up of the creator rubbing the peel along her jawline and neck area.,and the tannins of the banana peels helps reduce redness,,Shows the versatility of the application across different facial zones.,Show the ampoule being massaged into the jawline to demonstrate lifting or firming benefits.
7318924509522791710,@thenaturalnadine,Banana Peel Skincare Scrub,/Users/borgrise/Desktop/codex/视频创作_重构版/01-内容生产/workspaces/MUMUKI_Creator_Reference_Hub/site/assets/videos/viral-natural-nadine-banana-peel.mp4,/Users/borgrise/Desktop/codex/视频创作_重构版/01-内容生产/workspaces/MUMUKI_Creator_Reference_Hub/content/visual-hook-mining/clips/thenaturalnadine__banana-peel-skincare-scrub__7318924509522791710_v3_31flashlite/beat-04.mp4,53.0,56.0,payoff_moment,skin glow / skin payoff,4,"The creator shows her face with the banana residue on it, looking directly at the camera.",and let the banana peel residue sit on your face for 10 minutes,,"Shows the 'mask' effect of the DIY ingredient, which is a common visual trope in skincare content.",Show the ampoule applied as a serum or mask layer on the skin to highlight the product's finish and glow.
7318924509522791710,@thenaturalnadine,Banana Peel Skincare Scrub,/Users/borgrise/Desktop/codex/视频创作_重构版/01-内容生产/workspaces/MUMUKI_Creator_Reference_Hub/site/assets/videos/viral-natural-nadine-banana-peel.mp4,/Users/borgrise/Desktop/codex/视频创作_重构版/01-内容生产/workspaces/MUMUKI_Creator_Reference_Hub/content/visual-hook-mining/clips/thenaturalnadine__banana-peel-skincare-scrub__7318924509522791710_v3_31flashlite/beat-05.mp4,57.5,60.5,payoff_moment,skin glow / skin payoff,5,"The creator poses with a peace sign, showing her clean, glowing skin after the process.",something you can do everyday,"It's super easy, something you can do everyday","Provides the final 'result' shot, proving the efficacy of the routine.",Use this as the final shot of the MUMUKI video to show the 'after' glow and encourage daily use.
7330117596110392619,@victoria__benitez,Banana for Skin Girlies,/Users/borgrise/Desktop/codex/视频创作_重构版/01-内容生产/workspaces/MUMUKI_Creator_Reference_Hub/site/assets/videos/viral-victoria__benitez-7330117596110392619.mp4,/Users/borgrise/Desktop/codex/视频创作_重构版/01-内容生产/workspaces/MUMUKI_Creator_Reference_Hub/content/visual-hook-mining/clips/victoria-benitez__banana-for-skin-girlies__7330117596110392619_v3_31flashlite/beat-01.mp4,6.5,10.0,hook_moment,stop-power,1,The creator is holding a banana peel and directly rubbing the inner side of it against her cheek.,,"Yeah, rub it on your face.","This is the most shocking and attention-grabbing action in the video, creating immediate curiosity about the efficacy of banana peels on skin.","Use this as a 'don't do this' hook, transitioning to the professional, clean application of the MUMUKI Honey Banana BDRN Ampoule."
7330117596110392619,@victoria__benitez,Banana for Skin Girlies,/Users/borgrise/Desktop/codex/视频创作_重构版/01-内容生产/workspaces/MUMUKI_Creator_Reference_Hub/site/assets/videos/viral-victoria__benitez-7330117596110392619.mp4,/Users/borgrise/Desktop/codex/视频创作_重构版/01-内容生产/workspaces/MUMUKI_Creator_Reference_Hub/content/visual-hook-mining/clips/victoria-benitez__banana-for-skin-girlies__7330117596110392619_v3_31flashlite/beat-02.mp4,13.0,16.0,ingredient_focus,visual-proof,2,Close-up of the creator rubbing the banana peel across her forehead and under-eye area.,,"This is going to get you nice, tight, right, glowy, potassium baby.","It highlights the 'banana for skin' trend and the specific desire for 'glowy' skin, which aligns with the product's benefits.",Can be used as a montage clip to show the popularity of banana-based skincare before introducing the product as the superior alternative.
7330117596110392619,@victoria__benitez,Banana for Skin Girlies,/Users/borgrise/Desktop/codex/视频创作_重构版/01-内容生产/workspaces/MUMUKI_Creator_Reference_Hub/site/assets/videos/viral-victoria__benitez-7330117596110392619.mp4,/Users/borgrise/Desktop/codex/视频创作_重构版/01-内容生产/workspaces/MUMUKI_Creator_Reference_Hub/content/visual-hook-mining/clips/victoria-benitez__banana-for-skin-girlies__7330117596110392619_v3_31flashlite/beat-03.mp4,16.5,19.5,ingredient_focus,visual-proof,3,"The creator is aggressively rubbing the banana peel over her entire face, showing the texture of the peel against the skin.",,Get her on your skin. Get it on there.,"Demonstrates the high level of interest in DIY banana skincare, proving the ingredient's appeal to the target audience.","Use to contrast the messy DIY approach with the refined, concentrated formula of the MUMUKI ampoule."
7330117596110392619,@victoria__benitez,Banana for Skin Girlies,/Users/borgrise/Desktop/codex/视频创作_重构版/01-内容生产/workspaces/MUMUKI_Creator_Reference_Hub/site/assets/videos/viral-victoria__benitez-7330117596110392619.mp4,/Users/borgrise/Desktop/codex/视频创作_重构版/01-内容生产/workspaces/MUMUKI_Creator_Reference_Hub/content/visual-hook-mining/clips/victoria-benitez__banana-for-skin-girlies__7330117596110392619_v3_31flashlite/beat-04.mp4,21.0,24.0,application_demo,visual-proof,4,"The creator uses the banana peel as a makeshift tool to brush her eyebrows, showing a multi-use DIY approach.",,"Look, you can even use her as a eyebrow brush.","Shows the creator's creative, albeit unconventional, use of the ingredient, which is highly engaging for social media viewers.","Not directly reusable for application, but highlights the 'banana' theme that can be bridged to the product's key ingredient."
7330117596110392619,@victoria__benitez,Banana for Skin Girlies,/Users/borgrise/Desktop/codex/视频创作_重构版/01-内容生产/workspaces/MUMUKI_Creator_Reference_Hub/site/assets/videos/viral-victoria__benitez-7330117596110392619.mp4,/Users/borgrise/Desktop/codex/视频创作_重构版/01-内容生产/workspaces/MUMUKI_Creator_Reference_Hub/content/visual-hook-mining/clips/victoria-benitez__banana-for-skin-girlies__7330117596110392619_v3_31flashlite/beat-05.mp4,25.0,28.0,skin_payoff,visual-proof,5,"Close-up of the creator's face after the application, showing a natural, dewy skin finish.",,My eyebrows have never been so brushed.,"The final shot shows the 'glowy' result the user is aiming for, which is the ultimate goal for the MUMUKI product as well.","Use as a 'result' shot, showing that while DIY is messy, the goal of 'glowy skin' is valid and achievable with the right product."
7331862916603612462,@sheenaanayaaa,Banana Peel Tightening Test,/Users/borgrise/Desktop/codex/视频创作_重构版/01-内容生产/workspaces/MUMUKI_Creator_Reference_Hub/site/assets/videos/viral-sheenaanayaaa-7331862916603612462.mp4,/Users/borgrise/Desktop/codex/视频创作_重构版/01-内容生产/workspaces/MUMUKI_Creator_Reference_Hub/content/visual-hook-mining/clips/sheenaanayaaa__banana-peel-tightening-test__7331862916603612462_v3_31flashlite/beat-01.mp4,0.0,3.0,hook_moment,stop-power,1,"The creator holds two banana peels up to the camera, framing her face.",,"Hey guys, let's try the banana peel facial that's super trendy right now.",Immediate visual curiosity about using food for skincare.,Use a similar framing with the MUMUKI product to establish the ingredient focus immediately.
7331862916603612462,@sheenaanayaaa,Banana Peel Tightening Test,/Users/borgrise/Desktop/codex/视频创作_重构版/01-内容生产/workspaces/MUMUKI_Creator_Reference_Hub/site/assets/videos/viral-sheenaanayaaa-7331862916603612462.mp4,/Users/borgrise/Desktop/codex/视频创作_重构版/01-内容生产/workspaces/MUMUKI_Creator_Reference_Hub/content/visual-hook-mining/clips/sheenaanayaaa__banana-peel-tightening-test__7331862916603612462_v3_31flashlite/beat-02.mp4,5.0,8.0,application_moment,visual-action,2,The creator rubs the inside of a banana peel directly onto her cheek and jawline.,,,Demonstrates the 'DIY' application method that viewers find intriguing.,Show the application of the MUMUKI ampoule in a similar sweeping motion to emphasize texture and coverage.
7331862916603612462,@sheenaanayaaa,Banana Peel Tightening Test,/Users/borgrise/Desktop/codex/视频创作_重构版/01-内容生产/workspaces/MUMUKI_Creator_Reference_Hub/site/assets/videos/viral-sheenaanayaaa-7331862916603612462.mp4,/Users/borgrise/Desktop/codex/视频创作_重构版/01-内容生产/workspaces/MUMUKI_Creator_Reference_Hub/content/visual-hook-mining/clips/sheenaanayaaa__banana-peel-tightening-test__7331862916603612462_v3_31flashlite/beat-03.mp4,10.5,13.5,application_moment,visual-action,3,The creator places pieces of banana peel under her eyes like eye patches.,,,Creates a 'skincare hack' visual that is highly shareable.,Show the ampoule being applied to the under-eye area to highlight its targeted benefits.
7331862916603612462,@sheenaanayaaa,Banana Peel Tightening Test,/Users/borgrise/Desktop/codex/视频创作_重构版/01-内容生产/workspaces/MUMUKI_Creator_Reference_Hub/site/assets/videos/viral-sheenaanayaaa-7331862916603612462.mp4,/Users/borgrise/Desktop/codex/视频创作_重构版/01-内容生产/workspaces/MUMUKI_Creator_Reference_Hub/content/visual-hook-mining/clips/sheenaanayaaa__banana-peel-tightening-test__7331862916603612462_v3_31flashlite/beat-04.mp4,16.0,19.0,process_moment,visual-action,4,The creator has multiple pieces of banana peel stuck to her face as a mask.,,,Strong visual impact of a 'DIY mask' that stops the scroll.,"Show the ampoule applied as a thick, nourishing layer to mimic the 'mask' effect."
7331862916603612462,@sheenaanayaaa,Banana Peel Tightening Test,/Users/borgrise/Desktop/codex/视频创作_重构版/01-内容生产/workspaces/MUMUKI_Creator_Reference_Hub/site/assets/videos/viral-sheenaanayaaa-7331862916603612462.mp4,/Users/borgrise/Desktop/codex/视频创作_重构版/01-内容生产/workspaces/MUMUKI_Creator_Reference_Hub/content/visual-hook-mining/clips/sheenaanayaaa__banana-peel-tightening-test__7331862916603612462_v3_31flashlite/beat-05.mp4,26.5,29.5,result_moment,skin-payoff,5,"Close-up of the creator's face showing smooth, glowing skin after the process.",,My skin is feeling super smooth.,Provides the 'proof' that the skincare routine works.,Show a close-up of skin after applying the MUMUKI ampoule to highlight the glow and texture improvement.
7355150760293747998,@katiejanehughes,Banana Skin Facial,/Users/borgrise/Desktop/codex/视频创作_重构版/01-内容生产/workspaces/MUMUKI_Creator_Reference_Hub/site/assets/videos/viral-katiejanehughes-7355150760293747998.mp4,/Users/borgrise/Desktop/codex/视频创作_重构版/01-内容生产/workspaces/MUMUKI_Creator_Reference_Hub/content/visual-hook-mining/clips/katiejanehughes__banana-skin-facial__7355150760293747998_v3_31flashlite/beat-01.mp4,0.0,4.0,hook_moment,stop-power,1,The creator is rubbing the inside of a banana peel directly onto her cheek.,apparently if you rub banana skin on your face it gives you a natural Botox effect,"apparently if you rub banana skin on your face, it gives you a natural Botox effect",The unconventional use of a common food item as skincare creates immediate curiosity and stop-power.,Use this as a hook for the MUMUKI Honey Banana BDRN Ampoule by showing the product being applied in a similar motion to emphasize the 'natural' ingredient benefit.
7355150760293747998,@katiejanehughes,Banana Skin Facial,/Users/borgrise/Desktop/codex/视频创作_重构版/01-内容生产/workspaces/MUMUKI_Creator_Reference_Hub/site/assets/videos/viral-katiejanehughes-7355150760293747998.mp4,/Users/borgrise/Desktop/codex/视频创作_重构版/01-内容生产/workspaces/MUMUKI_Creator_Reference_Hub/content/visual-hook-mining/clips/katiejanehughes__banana-skin-facial__7355150760293747998_v3_31flashlite/beat-02.mp4,17.0,20.0,application_demonstration,product-like application,2,Close-up of the creator rubbing the banana peel on one side of her face.,anyway I'm only gonna do half of my face just to see,anyway I'm only gonna do half of my face just to see,"The 'half-face' experiment is a classic, highly effective visual trope for demonstrating product efficacy.",Replicate the half-face application test with the MUMUKI ampoule to visually prove the glow/tightening effect.
7355150760293747998,@katiejanehughes,Banana Skin Facial,/Users/borgrise/Desktop/codex/视频创作_重构版/01-内容生产/workspaces/MUMUKI_Creator_Reference_Hub/site/assets/videos/viral-katiejanehughes-7355150760293747998.mp4,/Users/borgrise/Desktop/codex/视频创作_重构版/01-内容生产/workspaces/MUMUKI_Creator_Reference_Hub/content/visual-hook-mining/clips/katiejanehughes__banana-skin-facial__7355150760293747998_v3_31flashlite/beat-03.mp4,54.5,57.0,application_demonstration,sensory-experience,3,"Close-up of the creator rubbing the peel on her cheek, showing the texture and the way it glides on the skin.",,it feels really nice,"Focuses on the sensory experience of the application, which is crucial for skincare marketing.",Capture the texture of the MUMUKI ampoule as it glides on the skin to mimic this satisfying application feel.
7355150760293747998,@katiejanehughes,Banana Skin Facial,/Users/borgrise/Desktop/codex/视频创作_重构版/01-内容生产/workspaces/MUMUKI_Creator_Reference_Hub/site/assets/videos/viral-katiejanehughes-7355150760293747998.mp4,/Users/borgrise/Desktop/codex/视频创作_重构版/01-内容生产/workspaces/MUMUKI_Creator_Reference_Hub/content/visual-hook-mining/clips/katiejanehughes__banana-skin-facial__7355150760293747998_v3_31flashlite/beat-04.mp4,85.83,87.83,result_demonstration,skin glow / skin payoff,4,"The creator touches her skin, showing the texture and tightness after the application.",alright so my skin feels quite tight and like at you you need to do it to feel it,my skin feels quite tight,Provides a direct testimonial and visual check of the skin's condition after the treatment.,Show the 'tight' and 'glowing' skin result after using the MUMUKI ampoule to validate the product's claims.
7355150760293747998,@katiejanehughes,Banana Skin Facial,/Users/borgrise/Desktop/codex/视频创作_重构版/01-内容生产/workspaces/MUMUKI_Creator_Reference_Hub/site/assets/videos/viral-katiejanehughes-7355150760293747998.mp4,/Users/borgrise/Desktop/codex/视频创作_重构版/01-内容生产/workspaces/MUMUKI_Creator_Reference_Hub/content/visual-hook-mining/clips/katiejanehughes__banana-skin-facial__7355150760293747998_v3_31flashlite/beat-05.mp4,85.83,87.83,result_demonstration,before-after,5,"The creator points to her pores on the treated side versus the untreated side, highlighting the difference.",so my skin is very soft my pores are a little bit smaller on the side than the other side,my pores are a little bit smaller on the side than the other side,Clear visual comparison that provides social proof of the ingredient's effectiveness.,Use a split-screen comparison of the MUMUKI ampoule side vs. bare skin to highlight pore refinement and glow.
7427159569874390315,@duoheadspa,Banana Fruit Facial,/Users/borgrise/Desktop/codex/视频创作_重构版/01-内容生产/workspaces/MUMUKI_Creator_Reference_Hub/site/assets/videos/viral-duoheadspa-7427159569874390315.mp4,/Users/borgrise/Desktop/codex/视频创作_重构版/01-内容生产/workspaces/MUMUKI_Creator_Reference_Hub/content/visual-hook-mining/clips/duoheadspa__banana-fruit-facial__7427159569874390315_v3_31flashlite/beat-01.mp4,0.0,2.0,hook_moment,stop-power,1,"A close-up of a person's face completely covered in thin, circular slices of banana.",,,The bizarre and visually striking image of a face covered in banana slices creates immediate curiosity and 'stop-scrolling' effect.,"Use as a visual hook to contrast the 'messy DIY' approach with the clean, professional application of the MUMUKI Honey Banana BDRN Ampoule."
7427159569874390315,@duoheadspa,Banana Fruit Facial,/Users/borgrise/Desktop/codex/视频创作_重构版/01-内容生产/workspaces/MUMUKI_Creator_Reference_Hub/site/assets/videos/viral-duoheadspa-7427159569874390315.mp4,/Users/borgrise/Desktop/codex/视频创作_重构版/01-内容生产/workspaces/MUMUKI_Creator_Reference_Hub/content/visual-hook-mining/clips/duoheadspa__banana-fruit-facial__7427159569874390315_v3_31flashlite/beat-02.mp4,2.0,4.5,application_moment,texture-focus,2,"Two brushes applying a thick, white, creamy substance onto the person's face.",,,"Shows the satisfying, professional application of a skincare product, which is highly relevant to the ampoule format.","Can be used to demonstrate the smooth, luxurious application of the MUMUKI ampoule."
7427159569874390315,@duoheadspa,Banana Fruit Facial,/Users/borgrise/Desktop/codex/视频创作_重构版/01-内容生产/workspaces/MUMUKI_Creator_Reference_Hub/site/assets/videos/viral-duoheadspa-7427159569874390315.mp4,/Users/borgrise/Desktop/codex/视频创作_重构版/01-内容生产/workspaces/MUMUKI_Creator_Reference_Hub/content/visual-hook-mining/clips/duoheadspa__banana-fruit-facial__7427159569874390315_v3_31flashlite/beat-03.mp4,5.0,7.5,massage_moment,sensory-experience,3,A professional aesthetician performing a facial massage on the client's face with both hands.,,,"Highlights the relaxing, spa-like experience associated with skincare routines.",Use to emphasize the self-care aspect of using the MUMUKI ampoule.
7427159569874390315,@duoheadspa,Banana Fruit Facial,/Users/borgrise/Desktop/codex/视频创作_重构版/01-内容生产/workspaces/MUMUKI_Creator_Reference_Hub/site/assets/videos/viral-duoheadspa-7427159569874390315.mp4,/Users/borgrise/Desktop/codex/视频创作_重构版/01-内容生产/workspaces/MUMUKI_Creator_Reference_Hub/content/visual-hook-mining/clips/duoheadspa__banana-fruit-facial__7427159569874390315_v3_31flashlite/beat-04.mp4,9.5,12.0,application_moment,ingredient-focus,4,"Hands placing individual banana slices onto the face, reinforcing the DIY banana theme.",,,"Directly links the ingredient (banana) to the skin, validating the interest in banana-based skincare.","Transition from this to a close-up of the MUMUKI ampoule texture to show a more effective, modern alternative to raw fruit."
7427159569874390315,@duoheadspa,Banana Fruit Facial,/Users/borgrise/Desktop/codex/视频创作_重构版/01-内容生产/workspaces/MUMUKI_Creator_Reference_Hub/site/assets/videos/viral-duoheadspa-7427159569874390315.mp4,/Users/borgrise/Desktop/codex/视频创作_重构版/01-内容生产/workspaces/MUMUKI_Creator_Reference_Hub/content/visual-hook-mining/clips/duoheadspa__banana-fruit-facial__7427159569874390315_v3_31flashlite/beat-05.mp4,13.0,16.0,result_moment,skin-payoff,5,"A towel being wiped off the face, revealing clean, glowing, and refreshed skin.",,,"The 'reveal' is the most important part of any skincare video, showing the final skin payoff.",Use as the 'after' shot to show the glowing skin results achievable with the MUMUKI ampoule.
7446093862952815918,@tenishaward1,Honey Comb Facial,/Users/borgrise/Desktop/codex/视频创作_重构版/01-内容生产/workspaces/MUMUKI_Creator_Reference_Hub/site/assets/videos/viral-tenishaward1-7446093862952815918.mp4,/Users/borgrise/Desktop/codex/视频创作_重构版/01-内容生产/workspaces/MUMUKI_Creator_Reference_Hub/content/visual-hook-mining/clips/tenishaward1__honey-comb-facial__7446093862952815918_v3_31flashlite/beat-01.mp4,0.0,3.0,hook_moment,stop-power,1,"The creator is holding a large piece of raw honeycomb and squeezing it directly onto her forehead, with honey dripping down her face.",,,"The raw, messy, and tactile nature of squeezing honeycomb directly onto the face creates an immediate 'what is she doing?' curiosity gap.","Use this as a high-impact hook by showing the rich, viscous texture of the MUMUKI ampoule being applied in a similar close-up, satisfying way."
7446093862952815918,@tenishaward1,Honey Comb Facial,/Users/borgrise/Desktop/codex/视频创作_重构版/01-内容生产/workspaces/MUMUKI_Creator_Reference_Hub/site/assets/videos/viral-tenishaward1-7446093862952815918.mp4,/Users/borgrise/Desktop/codex/视频创作_重构版/01-内容生产/workspaces/MUMUKI_Creator_Reference_Hub/content/visual-hook-mining/clips/tenishaward1__honey-comb-facial__7446093862952815918_v3_31flashlite/beat-02.mp4,3.0,6.0,ingredient_texture,texture-focus,2,"Close-up of honey dripping and spreading across the creator's face, showing the sticky, thick consistency.",,,"Highlights the sensory appeal of honey as a skincare ingredient, which is a key selling point for the ampoule.",Showcase the ampoule's texture in a similar macro shot to emphasize its richness and quality.
7446093862952815918,@tenishaward1,Honey Comb Facial,/Users/borgrise/Desktop/codex/视频创作_重构版/01-内容生产/workspaces/MUMUKI_Creator_Reference_Hub/site/assets/videos/viral-tenishaward1-7446093862952815918.mp4,/Users/borgrise/Desktop/codex/视频创作_重构版/01-内容生产/workspaces/MUMUKI_Creator_Reference_Hub/content/visual-hook-mining/clips/tenishaward1__honey-comb-facial__7446093862952815918_v3_31flashlite/beat-03.mp4,8.0,11.0,application_process,application-demo,3,"The creator is massaging the honey into her skin with both hands, showing the full coverage of the DIY mask.",,,"Demonstrates the ritualistic aspect of skincare application, which viewers find relaxing and satisfying to watch.",Replicate this massage motion with the MUMUKI ampoule to show how it absorbs or glides on the skin.
7446093862952815918,@tenishaward1,Honey Comb Facial,/Users/borgrise/Desktop/codex/视频创作_重构版/01-内容生产/workspaces/MUMUKI_Creator_Reference_Hub/site/assets/videos/viral-tenishaward1-7446093862952815918.mp4,/Users/borgrise/Desktop/codex/视频创作_重构版/01-内容生产/workspaces/MUMUKI_Creator_Reference_Hub/content/visual-hook-mining/clips/tenishaward1__honey-comb-facial__7446093862952815918_v3_31flashlite/beat-04.mp4,12.0,15.0,skin_payoff,result-focus,4,"The creator shows her face after the mask, highlighting a natural, dewy glow.",,,"Provides the 'payoff' that justifies the messy process, proving that the ingredient leads to visible skin improvement.",Use this as the 'after' shot to demonstrate the glow provided by the MUMUKI ampoule.
7446093862952815918,@tenishaward1,Honey Comb Facial,/Users/borgrise/Desktop/codex/视频创作_重构版/01-内容生产/workspaces/MUMUKI_Creator_Reference_Hub/site/assets/videos/viral-tenishaward1-7446093862952815918.mp4,/Users/borgrise/Desktop/codex/视频创作_重构版/01-内容生产/workspaces/MUMUKI_Creator_Reference_Hub/content/visual-hook-mining/clips/tenishaward1__honey-comb-facial__7446093862952815918_v3_31flashlite/beat-05.mp4,15.0,17.6,skin_payoff,result-focus,5,"Close-up of the creator smiling and touching her glowing, hydrated skin.",,,The final result shot confirms the effectiveness of the honey-based skincare routine.,Use this as a closing shot to show the final skin texture achieved after using the MUMUKI product.
7447707169664879915,@byzareefa,Banana Peel DIY Mask,/Users/borgrise/Desktop/codex/视频创作_重构版/01-内容生产/workspaces/MUMUKI_Creator_Reference_Hub/site/assets/videos/viral-byzareefa-7447707169664879915.mp4,/Users/borgrise/Desktop/codex/视频创作_重构版/01-内容生产/workspaces/MUMUKI_Creator_Reference_Hub/content/visual-hook-mining/clips/byzareefa__banana-peel-diy-mask__7447707169664879915_v3_31flashlite/beat-01.mp4,1.5,4.5,hook_moment,stop-power,1,"The creator holds up a banana peel directly to the camera, showing the inside texture.",,All you need is a banana peel.,"The direct, close-up reveal of the ingredient creates immediate curiosity and visual intrigue.",Use a similar close-up shot of the MUMUKI ampoule or a honey-infused texture to hook the viewer immediately.
7447707169664879915,@byzareefa,Banana Peel DIY Mask,/Users/borgrise/Desktop/codex/视频创作_重构版/01-内容生产/workspaces/MUMUKI_Creator_Reference_Hub/site/assets/videos/viral-byzareefa-7447707169664879915.mp4,/Users/borgrise/Desktop/codex/视频创作_重构版/01-内容生产/workspaces/MUMUKI_Creator_Reference_Hub/content/visual-hook-mining/clips/byzareefa__banana-peel-diy-mask__7447707169664879915_v3_31flashlite/beat-02.mp4,11.0,14.5,application_moment,product-like application,2,The creator rubs the inside of the banana peel directly onto her cheek.,,,"Demonstrates the 'DIY skincare' action clearly, which is highly engaging for viewers interested in natural beauty hacks.",Replace the banana peel with the application of the MUMUKI ampoule to show the product being massaged into the skin.
7447707169664879915,@byzareefa,Banana Peel DIY Mask,/Users/borgrise/Desktop/codex/视频创作_重构版/01-内容生产/workspaces/MUMUKI_Creator_Reference_Hub/site/assets/videos/viral-byzareefa-7447707169664879915.mp4,/Users/borgrise/Desktop/codex/视频创作_重构版/01-内容生产/workspaces/MUMUKI_Creator_Reference_Hub/content/visual-hook-mining/clips/byzareefa__banana-peel-diy-mask__7447707169664879915_v3_31flashlite/beat-03.mp4,28.5,31.5,application_moment,product-like application,3,The creator rubs the banana peel across her forehead and brow area.,,,"Shows the versatility of the application on different facial zones, reinforcing the 'skincare routine' aspect.",Show the product being applied to the forehead to demonstrate ease of use and coverage.
7447707169664879915,@byzareefa,Banana Peel DIY Mask,/Users/borgrise/Desktop/codex/视频创作_重构版/01-内容生产/workspaces/MUMUKI_Creator_Reference_Hub/site/assets/videos/viral-byzareefa-7447707169664879915.mp4,/Users/borgrise/Desktop/codex/视频创作_重构版/01-内容生产/workspaces/MUMUKI_Creator_Reference_Hub/content/visual-hook-mining/clips/byzareefa__banana-peel-diy-mask__7447707169664879915_v3_31flashlite/beat-04.mp4,38.5,42.0,application_moment,product-like application,4,The creator applies the peel to her chin and jawline area.,,,"Focuses on specific areas of concern, which helps viewers visualize the product's utility.",Show the ampoule being applied to the jawline to highlight the lifting or brightening effect.
7447707169664879915,@byzareefa,Banana Peel DIY Mask,/Users/borgrise/Desktop/codex/视频创作_重构版/01-内容生产/workspaces/MUMUKI_Creator_Reference_Hub/site/assets/videos/viral-byzareefa-7447707169664879915.mp4,/Users/borgrise/Desktop/codex/视频创作_重构版/01-内容生产/workspaces/MUMUKI_Creator_Reference_Hub/content/visual-hook-mining/clips/byzareefa__banana-peel-diy-mask__7447707169664879915_v3_31flashlite/beat-05.mp4,53.0,56.5,result_moment,skin glow / skin payoff,5,"The creator looks directly at the camera with a glowing, hydrated complexion after the treatment.",,I can promise you you're not going to need Botox.,"Provides the 'payoff' shot that validates the efficacy of the ingredient, which is essential for conversion.",Use a similar 'after' shot showing the glowing skin result after using the MUMUKI ampoule.
7459763407668006152,@kevinnkylee,Banana Skin Tightening Hack,/Users/borgrise/Desktop/codex/视频创作_重构版/01-内容生产/workspaces/MUMUKI_Creator_Reference_Hub/site/assets/videos/viral-kevinnkylee-7459763407668006152.mp4,/Users/borgrise/Desktop/codex/视频创作_重构版/01-内容生产/workspaces/MUMUKI_Creator_Reference_Hub/content/visual-hook-mining/clips/kevinnkylee__banana-skin-tightening-hack__7459763407668006152_v3_31flashlite/beat-01.mp4,0.0,3.0,hook_moment,stop-power,1,"The creator holds a whole banana directly in front of the camera, then begins peeling it.",Skincare hack to tighten your skin!,,The immediate visual of a raw food item being used for skincare creates a 'what is he doing?' curiosity gap.,Use a similar close-up of the Honey Banana BDRN Ampoule or a banana slice to immediately signal the ingredient focus.
7459763407668006152,@kevinnkylee,Banana Skin Tightening Hack,/Users/borgrise/Desktop/codex/视频创作_重构版/01-内容生产/workspaces/MUMUKI_Creator_Reference_Hub/site/assets/videos/viral-kevinnkylee-7459763407668006152.mp4,/Users/borgrise/Desktop/codex/视频创作_重构版/01-内容生产/workspaces/MUMUKI_Creator_Reference_Hub/content/visual-hook-mining/clips/kevinnkylee__banana-skin-tightening-hack__7459763407668006152_v3_31flashlite/beat-02.mp4,3.0,6.0,application_moment,visual-demonstration,2,The creator rubs the inside of a banana peel directly onto his cheek and forehead.,Skincare hack to tighten your skin!,,Direct application of the ingredient to the skin is the core visual hook that validates the DIY skincare angle.,Show the texture of the Honey Banana ampoule being applied to the skin in a similar motion to emphasize the 'banana' benefit.
7459763407668006152,@kevinnkylee,Banana Skin Tightening Hack,/Users/borgrise/Desktop/codex/视频创作_重构版/01-内容生产/workspaces/MUMUKI_Creator_Reference_Hub/site/assets/videos/viral-kevinnkylee-7459763407668006152.mp4,/Users/borgrise/Desktop/codex/视频创作_重构版/01-内容生产/workspaces/MUMUKI_Creator_Reference_Hub/content/visual-hook-mining/clips/kevinnkylee__banana-skin-tightening-hack__7459763407668006152_v3_31flashlite/beat-03.mp4,6.0,11.0,application_moment,visual-demonstration,3,"The creator continues rubbing the banana peel across his nose, chin, and jawline.",Skincare hack to tighten your skin!,,"Shows the versatility of the ingredient across different facial zones, reinforcing the 'tightening' claim.",Demonstrate the ampoule being massaged into the same facial zones to show ease of use.
7459763407668006152,@kevinnkylee,Banana Skin Tightening Hack,/Users/borgrise/Desktop/codex/视频创作_重构版/01-内容生产/workspaces/MUMUKI_Creator_Reference_Hub/site/assets/videos/viral-kevinnkylee-7459763407668006152.mp4,/Users/borgrise/Desktop/codex/视频创作_重构版/01-内容生产/workspaces/MUMUKI_Creator_Reference_Hub/content/visual-hook-mining/clips/kevinnkylee__banana-skin-tightening-hack__7459763407668006152_v3_31flashlite/beat-04.mp4,13.0,16.0,application_moment,visual-demonstration,4,The creator rubs the banana peel along his neck and jawline.,Skincare hack to tighten your skin! leave it for 10-20 mins,,"The neck application is a common pain point for 'tightening' concerns, making it highly relevant for anti-aging products.",Highlight the neck application of the ampoule to suggest a comprehensive tightening routine.
7459763407668006152,@kevinnkylee,Banana Skin Tightening Hack,/Users/borgrise/Desktop/codex/视频创作_重构版/01-内容生产/workspaces/MUMUKI_Creator_Reference_Hub/site/assets/videos/viral-kevinnkylee-7459763407668006152.mp4,/Users/borgrise/Desktop/codex/视频创作_重构版/01-内容生产/workspaces/MUMUKI_Creator_Reference_Hub/content/visual-hook-mining/clips/kevinnkylee__banana-skin-tightening-hack__7459763407668006152_v3_31flashlite/beat-05.mp4,19.0,26.0,payoff_moment,result-showcase,5,"The creator wipes his face with a tissue and then touches his skin, showing a glowing, smooth texture.",Skincare hack to tighten your skin!,,The 'after' shot is essential to prove the efficacy of the ingredient and satisfy the viewer's desire for results.,Show the 'glow' payoff after applying the Honey Banana ampoule to demonstrate the product's immediate effect.
7545915943940050231,@jaimesskin,Manuka Honey Face Mask,/Users/borgrise/Desktop/codex/视频创作_重构版/01-内容生产/workspaces/MUMUKI_Creator_Reference_Hub/site/assets/videos/viral-jaimesskin-7545915943940050231.mp4,/Users/borgrise/Desktop/codex/视频创作_重构版/01-内容生产/workspaces/MUMUKI_Creator_Reference_Hub/content/visual-hook-mining/clips/jaimesskin__manuka-honey-face-mask__7545915943940050231_v3_31flashlite/beat-01.mp4,0.0,3.0,hook_moment,stop-power,1,"Close-up of the creator's face completely covered in a thick, golden, sticky honey mask, holding a wooden spoon with honey.",why/how I use just manuka honey on my skin,"After years of experience with manuka honey for skincare, this is how I give myself like new skin","The immediate visual of a thick, sticky, golden mask on the face is highly arresting and signals a DIY skincare routine.","Use this as a high-impact hook for the MUMUKI ampoule, showing the product texture being applied similarly."
7545915943940050231,@jaimesskin,Manuka Honey Face Mask,/Users/borgrise/Desktop/codex/视频创作_重构版/01-内容生产/workspaces/MUMUKI_Creator_Reference_Hub/site/assets/videos/viral-jaimesskin-7545915943940050231.mp4,/Users/borgrise/Desktop/codex/视频创作_重构版/01-内容生产/workspaces/MUMUKI_Creator_Reference_Hub/content/visual-hook-mining/clips/jaimesskin__manuka-honey-face-mask__7545915943940050231_v3_31flashlite/beat-02.mp4,12.5,15.0,texture_shot,texture-appeal,2,"Close-up of the wooden spoon dripping with thick, viscous manuka honey.",,,"Highlights the premium, sticky, and rich texture of the ingredient, which is essential for selling a honey-based product.",Create a similar macro shot of the MUMUKI ampoule texture to emphasize its richness and quality.
7545915943940050231,@jaimesskin,Manuka Honey Face Mask,/Users/borgrise/Desktop/codex/视频创作_重构版/01-内容生产/workspaces/MUMUKI_Creator_Reference_Hub/site/assets/videos/viral-jaimesskin-7545915943940050231.mp4,/Users/borgrise/Desktop/codex/视频创作_重构版/01-内容生产/workspaces/MUMUKI_Creator_Reference_Hub/content/visual-hook-mining/clips/jaimesskin__manuka-honey-face-mask__7545915943940050231_v3_31flashlite/beat-03.mp4,43.0,45.5,application_shot,product-like application,3,"Creator uses her fingers to spread the thick honey mask across her cheek, showing the sticky, glowing texture.",,,"Demonstrates the tactile experience of applying a sticky, honey-based product, which is very satisfying to watch.",Film a similar application shot of the MUMUKI ampoule to show how it glides and adheres to the skin.
7545915943940050231,@jaimesskin,Manuka Honey Face Mask,/Users/borgrise/Desktop/codex/视频创作_重构版/01-内容生产/workspaces/MUMUKI_Creator_Reference_Hub/site/assets/videos/viral-jaimesskin-7545915943940050231.mp4,/Users/borgrise/Desktop/codex/视频创作_重构版/01-内容生产/workspaces/MUMUKI_Creator_Reference_Hub/content/visual-hook-mining/clips/jaimesskin__manuka-honey-face-mask__7545915943940050231_v3_31flashlite/beat-04.mp4,54.5,57.5,application_shot,skin glow,4,"Creator is massaging the honey into her skin with both hands, showing the high-gloss, reflective finish on her face.",,,The 'glass skin' glow is the ultimate payoff for skincare videos and directly correlates to the desired result of the MUMUKI ampoule.,Use this to showcase the immediate 'glow' effect of the MUMUKI ampoule after application.
7545915943940050231,@jaimesskin,Manuka Honey Face Mask,/Users/borgrise/Desktop/codex/视频创作_重构版/01-内容生产/workspaces/MUMUKI_Creator_Reference_Hub/site/assets/videos/viral-jaimesskin-7545915943940050231.mp4,/Users/borgrise/Desktop/codex/视频创作_重构版/01-内容生产/workspaces/MUMUKI_Creator_Reference_Hub/content/visual-hook-mining/clips/jaimesskin__manuka-honey-face-mask__7545915943940050231_v3_31flashlite/beat-05.mp4,10.0,12.0,application_shot,skin payoff,5,"Creator is rubbing her face with her fingers, showing the thick, sticky texture of the mask on her skin.",,,"Shows the physical interaction with the product, emphasizing the 'peeling' or 'renewing' sensation.",Can be used to demonstrate the massage technique for the MUMUKI ampoule to enhance absorption.
7555933284388146454,@kriziaraso,Honey Facial Glow,/Users/borgrise/Desktop/codex/视频创作_重构版/01-内容生产/workspaces/MUMUKI_Creator_Reference_Hub/site/assets/videos/viral-kriziaraso-7555933284388146454.mp4,/Users/borgrise/Desktop/codex/视频创作_重构版/01-内容生产/workspaces/MUMUKI_Creator_Reference_Hub/content/visual-hook-mining/clips/kriziaraso__honey-facial-glow__7555933284388146454_v3_31flashlite/beat-01.mp4,0.0,2.5,hook_moment,stop-power,1,"The creator shows a split-screen comparison of her skin with acne (before) and her current clear, glowing skin.",My skin before:,,The dramatic before-and-after transformation immediately establishes credibility and high stakes for the viewer.,Use a similar split-screen format to show the immediate soothing effect of the MUMUKI ampoule on irritated skin.
7555933284388146454,@kriziaraso,Honey Facial Glow,/Users/borgrise/Desktop/codex/视频创作_重构版/01-内容生产/workspaces/MUMUKI_Creator_Reference_Hub/site/assets/videos/viral-kriziaraso-7555933284388146454.mp4,/Users/borgrise/Desktop/codex/视频创作_重构版/01-内容生产/workspaces/MUMUKI_Creator_Reference_Hub/content/visual-hook-mining/clips/kriziaraso__honey-facial-glow__7555933284388146454_v3_31flashlite/beat-02.mp4,4.5,7.5,product_application,visual-satisfaction,2,"The creator uses a small spatula to drizzle thick, golden honey directly onto her cheek.",Using honey as a face mask,,"The viscous, golden texture of the honey is visually satisfying and highlights the raw ingredient focus.","Replicate this 'drip' shot with the MUMUKI ampoule to emphasize its rich, concentrated texture."
7555933284388146454,@kriziaraso,Honey Facial Glow,/Users/borgrise/Desktop/codex/视频创作_重构版/01-内容生产/workspaces/MUMUKI_Creator_Reference_Hub/site/assets/videos/viral-kriziaraso-7555933284388146454.mp4,/Users/borgrise/Desktop/codex/视频创作_重构版/01-内容生产/workspaces/MUMUKI_Creator_Reference_Hub/content/visual-hook-mining/clips/kriziaraso__honey-facial-glow__7555933284388146454_v3_31flashlite/beat-03.mp4,7.5,10.0,product_application,visual-satisfaction,3,"The creator spreads the honey across her face with her fingers, creating a glossy, reflective layer.",Antibacterial Calming,,Shows the product coverage and the immediate 'glow' effect on the skin.,"Show the application of the ampoule to demonstrate how it leaves a non-sticky, healthy glow."
7555933284388146454,@kriziaraso,Honey Facial Glow,/Users/borgrise/Desktop/codex/视频创作_重构版/01-内容生产/workspaces/MUMUKI_Creator_Reference_Hub/site/assets/videos/viral-kriziaraso-7555933284388146454.mp4,/Users/borgrise/Desktop/codex/视频创作_重构版/01-内容生产/workspaces/MUMUKI_Creator_Reference_Hub/content/visual-hook-mining/clips/kriziaraso__honey-facial-glow__7555933284388146454_v3_31flashlite/beat-04.mp4,10.0,12.5,product_application,visual-satisfaction,4,Close-up of the creator massaging the honey into her skin with both hands.,Antibacterial Calming Helps the skin heal faster,,"The massage motion implies a self-care ritual, which is highly engaging for skincare audiences.",Use a close-up of the massage technique to highlight the absorption and soothing properties of the ampoule.
7555933284388146454,@kriziaraso,Honey Facial Glow,/Users/borgrise/Desktop/codex/视频创作_重构版/01-内容生产/workspaces/MUMUKI_Creator_Reference_Hub/site/assets/videos/viral-kriziaraso-7555933284388146454.mp4,/Users/borgrise/Desktop/codex/视频创作_重构版/01-内容生产/workspaces/MUMUKI_Creator_Reference_Hub/content/visual-hook-mining/clips/kriziaraso__honey-facial-glow__7555933284388146454_v3_31flashlite/beat-05.mp4,12.5,14.6,result_moment,payoff,5,"The creator poses with her face fully coated in honey, looking directly at the camera with a confident expression.",Antibacterial Calming Helps the skin heal faster,,Final shot reinforces the 'DIY skincare' aesthetic and the confidence gained from the routine.,End with a 'glowing skin' reveal after using the MUMUKI ampoule to show the final result.
7561970033195257101,@thejenjones,Banana Peel Natural t0x,/Users/borgrise/Desktop/codex/视频创作_重构版/01-内容生产/workspaces/MUMUKI_Creator_Reference_Hub/site/assets/videos/viral-thejenjones-7561970033195257101.mp4,/Users/borgrise/Desktop/codex/视频创作_重构版/01-内容生产/workspaces/MUMUKI_Creator_Reference_Hub/content/visual-hook-mining/clips/thejenjones__banana-peel-natural-t0x__7561970033195257101_v3_31flashlite/beat-01.mp4,0.0,3.5,hook_moment,stop-power,1,"The creator holds a banana peel directly in front of the camera, showing the inside of the peel.",,"Organic banana peel, also known as natural botox.",The immediate visual of a banana peel combined with the bold claim of 'natural botox' creates high curiosity and stop-power.,Can be adapted by showing the MUMUKI Honey Banana BDRN Ampoule bottle next to a fresh banana to establish the ingredient connection immediately.
7561970033195257101,@thejenjones,Banana Peel Natural t0x,/Users/borgrise/Desktop/codex/视频创作_重构版/01-内容生产/workspaces/MUMUKI_Creator_Reference_Hub/site/assets/videos/viral-thejenjones-7561970033195257101.mp4,/Users/borgrise/Desktop/codex/视频创作_重构版/01-内容生产/workspaces/MUMUKI_Creator_Reference_Hub/content/visual-hook-mining/clips/thejenjones__banana-peel-natural-t0x__7561970033195257101_v3_31flashlite/beat-02.mp4,12.5,16.0,application_moment,visual-demonstration,2,The creator rubs the inside of the banana peel directly onto her cheek and under-eye area.,,,"Shows the direct application of the ingredient to the skin, which is a highly engaging 'DIY' visual.",Replace the banana peel with the application of the MUMUKI Ampoule to show the product being applied to the same facial zones.
7561970033195257101,@thejenjones,Banana Peel Natural t0x,/Users/borgrise/Desktop/codex/视频创作_重构版/01-内容生产/workspaces/MUMUKI_Creator_Reference_Hub/site/assets/videos/viral-thejenjones-7561970033195257101.mp4,/Users/borgrise/Desktop/codex/视频创作_重构版/01-内容生产/workspaces/MUMUKI_Creator_Reference_Hub/content/visual-hook-mining/clips/thejenjones__banana-peel-natural-t0x__7561970033195257101_v3_31flashlite/beat-03.mp4,18.5,21.0,application_moment,visual-demonstration,3,"The creator rubs the banana peel across her forehead, demonstrating a full-face application technique.",,,Demonstrates the ease of use and the 'skincare routine' aspect of the ingredient.,"Use this as a reference for the 'application flow' of the MUMUKI Ampoule, showing a smooth, satisfying application motion."
7561970033195257101,@thejenjones,Banana Peel Natural t0x,/Users/borgrise/Desktop/codex/视频创作_重构版/01-内容生产/workspaces/MUMUKI_Creator_Reference_Hub/site/assets/videos/viral-thejenjones-7561970033195257101.mp4,/Users/borgrise/Desktop/codex/视频创作_重构版/01-内容生产/workspaces/MUMUKI_Creator_Reference_Hub/content/visual-hook-mining/clips/thejenjones__banana-peel-natural-t0x__7561970033195257101_v3_31flashlite/beat-04.mp4,45.5,49.0,payoff_moment,skin-glow,4,"The creator applies the product to her face and pats it in, showing her skin looking hydrated and glowing.",,Instant glow.,"Provides the 'payoff' or result of the skincare routine, which is essential for conversion.",Directly mirror this shot with the MUMUKI Ampoule to showcase the 'instant glow' benefit of the product.
7561970033195257101,@thejenjones,Banana Peel Natural t0x,/Users/borgrise/Desktop/codex/视频创作_重构版/01-内容生产/workspaces/MUMUKI_Creator_Reference_Hub/site/assets/videos/viral-thejenjones-7561970033195257101.mp4,/Users/borgrise/Desktop/codex/视频创作_重构版/01-内容生产/workspaces/MUMUKI_Creator_Reference_Hub/content/visual-hook-mining/clips/thejenjones__banana-peel-natural-t0x__7561970033195257101_v3_31flashlite/beat-05.mp4,52.0,55.0,payoff_moment,skin-glow,5,"Close-up of the creator's face showing the final, dewy, and hydrated skin texture after the routine.",,"Ooh, we glowing!",The final 'glow' shot is the ultimate proof of efficacy that viewers look for in skincare content.,Use this as the final 'result' shot in the MUMUKI video to emphasize the product's hydrating and brightening effects.
7579824086315011359,@drewcanole,DIY Honey Face Mask,/Users/borgrise/Desktop/codex/视频创作_重构版/01-内容生产/workspaces/MUMUKI_Creator_Reference_Hub/site/assets/videos/viral-drewcanole-7579824086315011359.mp4,/Users/borgrise/Desktop/codex/视频创作_重构版/01-内容生产/workspaces/MUMUKI_Creator_Reference_Hub/content/visual-hook-mining/clips/drewcanole__diy-honey-face-mask__7579824086315011359_v3_31flashlite/beat-01.mp4,0.0,4.0,hook_moment,stop-power,1,"A woman is applying a thick, golden honey mask onto her face using a spoon, with visible acne spots on her skin.",Using Raw Honey on Your Face for 14 Days Can TRANSFORM Your Skin!,Using raw honey face mask with a little bit of baking soda on your face every single night for 14 days.,"The immediate visual of applying a sticky, natural ingredient directly to the face creates high curiosity and 'gross-but-satisfying' appeal.","Use this as a direct hook for the MUMUKI ampoule application, showing the texture being spread on the skin."
7579824086315011359,@drewcanole,DIY Honey Face Mask,/Users/borgrise/Desktop/codex/视频创作_重构版/01-内容生产/workspaces/MUMUKI_Creator_Reference_Hub/site/assets/videos/viral-drewcanole-7579824086315011359.mp4,/Users/borgrise/Desktop/codex/视频创作_重构版/01-内容生产/workspaces/MUMUKI_Creator_Reference_Hub/content/visual-hook-mining/clips/drewcanole__diy-honey-face-mask__7579824086315011359_v3_31flashlite/beat-02.mp4,6.0,9.0,texture_shot,sensory-appeal,2,"Close-up of a honey dipper dripping thick, golden raw honey.",Raw Honey,,High-quality texture shots of natural ingredients are visually satisfying and build trust in the product's purity.,Create a similar high-definition macro shot of the MUMUKI ampoule texture to emphasize its richness.
7579824086315011359,@drewcanole,DIY Honey Face Mask,/Users/borgrise/Desktop/codex/视频创作_重构版/01-内容生产/workspaces/MUMUKI_Creator_Reference_Hub/site/assets/videos/viral-drewcanole-7579824086315011359.mp4,/Users/borgrise/Desktop/codex/视频创作_重构版/01-内容生产/workspaces/MUMUKI_Creator_Reference_Hub/content/visual-hook-mining/clips/drewcanole__diy-honey-face-mask__7579824086315011359_v3_31flashlite/beat-03.mp4,24.0,27.0,application_shot,product-application,3,"A woman gently massaging a white, creamy substance into her skin with her fingertips.","drawing out impurities,",,"Shows the tactile experience of skincare application, which is essential for demonstrating the 'ritual' aspect of using an ampoule.",Replicate this exact massage technique with the MUMUKI ampoule to show how it absorbs into the skin.
7579824086315011359,@drewcanole,DIY Honey Face Mask,/Users/borgrise/Desktop/codex/视频创作_重构版/01-内容生产/workspaces/MUMUKI_Creator_Reference_Hub/site/assets/videos/viral-drewcanole-7579824086315011359.mp4,/Users/borgrise/Desktop/codex/视频创作_重构版/01-内容生产/workspaces/MUMUKI_Creator_Reference_Hub/content/visual-hook-mining/clips/drewcanole__diy-honey-face-mask__7579824086315011359_v3_31flashlite/beat-04.mp4,27.0,30.0,payoff_shot,skin-glow,4,"Close-up of a woman's face showing a dewy, glowing complexion after the skincare routine.",absolutely glorious.,,The 'glow' payoff is the ultimate goal for the viewer and provides the necessary social proof for the skincare routine.,Use this as the 'after' result shot to showcase the immediate radiance provided by the MUMUKI ampoule.
7579824086315011359,@drewcanole,DIY Honey Face Mask,/Users/borgrise/Desktop/codex/视频创作_重构版/01-内容生产/workspaces/MUMUKI_Creator_Reference_Hub/site/assets/videos/viral-drewcanole-7579824086315011359.mp4,/Users/borgrise/Desktop/codex/视频创作_重构版/01-内容生产/workspaces/MUMUKI_Creator_Reference_Hub/content/visual-hook-mining/clips/drewcanole__diy-honey-face-mask__7579824086315011359_v3_31flashlite/beat-05.mp4,38.0,44.0,testimonial_shot,social-proof,5,"A woman touching her face and smiling, looking at the camera with clear, healthy-looking skin.",Next morning,"Next morning she was like, Oh my gosh, my skin feels different. I have no more redness.",Real-person testimonials regarding skin texture and redness reduction are highly persuasive for skincare buyers.,Film a similar 'morning after' reaction video using the MUMUKI ampoule to highlight its soothing properties.
7593798567966297355,@shamiebirungi19,Honey Skin Glow Hack,/Users/borgrise/Desktop/codex/视频创作_重构版/01-内容生产/workspaces/MUMUKI_Creator_Reference_Hub/site/assets/videos/viral-shamiebirungi19-7593798567966297355.mp4,/Users/borgrise/Desktop/codex/视频创作_重构版/01-内容生产/workspaces/MUMUKI_Creator_Reference_Hub/content/visual-hook-mining/clips/shamiebirungi19__honey-skin-glow-hack__7593798567966297355_v3_31flashlite/beat-01.mp4,0.0,3.5,hook_moment,stop-power,1,Honey is being poured directly from a bottle onto the center of the creator's forehead.,It’s just honey!🍯,,"The immediate, messy, and satisfying visual of pouring honey directly onto the face is a high-retention hook.","Use this as a 'texture hook' to show the richness of the MUMUKI ampoule, replacing honey with the product texture."
7593798567966297355,@shamiebirungi19,Honey Skin Glow Hack,/Users/borgrise/Desktop/codex/视频创作_重构版/01-内容生产/workspaces/MUMUKI_Creator_Reference_Hub/site/assets/videos/viral-shamiebirungi19-7593798567966297355.mp4,/Users/borgrise/Desktop/codex/视频创作_重构版/01-内容生产/workspaces/MUMUKI_Creator_Reference_Hub/content/visual-hook-mining/clips/shamiebirungi19__honey-skin-glow-hack__7593798567966297355_v3_31flashlite/beat-02.mp4,3.5,6.0,action_moment,visual-engagement,4,"The honey drips down the creator's nose and she licks it off, showing the raw nature of the ingredient.",It’s just honey!🍯,,The interaction with the ingredient makes the DIY process feel authentic and relatable.,"Not reusable as is, but the 'drip' visual can be adapted to show the ampoule's viscosity."
7593798567966297355,@shamiebirungi19,Honey Skin Glow Hack,/Users/borgrise/Desktop/codex/视频创作_重构版/01-内容生产/workspaces/MUMUKI_Creator_Reference_Hub/site/assets/videos/viral-shamiebirungi19-7593798567966297355.mp4,/Users/borgrise/Desktop/codex/视频创作_重构版/01-内容生产/workspaces/MUMUKI_Creator_Reference_Hub/content/visual-hook-mining/clips/shamiebirungi19__honey-skin-glow-hack__7593798567966297355_v3_31flashlite/beat-03.mp4,6.5,10.0,application_moment,product-application,2,"The creator uses her fingers to spread the thick, sticky honey across her entire face.",It’s just honey!🍯,,"Shows the full coverage application process, which is essential for skincare tutorials.",Replicate this application motion with the MUMUKI ampoule to demonstrate ease of spread and coverage.
7593798567966297355,@shamiebirungi19,Honey Skin Glow Hack,/Users/borgrise/Desktop/codex/视频创作_重构版/01-内容生产/workspaces/MUMUKI_Creator_Reference_Hub/site/assets/videos/viral-shamiebirungi19-7593798567966297355.mp4,/Users/borgrise/Desktop/codex/视频创作_重构版/01-内容生产/workspaces/MUMUKI_Creator_Reference_Hub/content/visual-hook-mining/clips/shamiebirungi19__honey-skin-glow-hack__7593798567966297355_v3_31flashlite/beat-04.mp4,13.5,17.18,payoff_moment,skin-glow,3,"The creator points to her cheek, highlighting the glossy, hydrated, and glowing finish of her skin.",That glow ✨ though,,This is the 'payoff' that justifies the entire process; it proves the 'glow' result.,Essential for the 'After' shot of the MUMUKI ampoule to show the immediate skin radiance.
7603074530570980638,@bithhnh387,Frozen Banana Skincare,/Users/borgrise/Desktop/codex/视频创作_重构版/01-内容生产/workspaces/MUMUKI_Creator_Reference_Hub/site/assets/videos/viral-bithhnh387-7603074530570980638.mp4,/Users/borgrise/Desktop/codex/视频创作_重构版/01-内容生产/workspaces/MUMUKI_Creator_Reference_Hub/content/visual-hook-mining/clips/bithhnh387__frozen-banana-skincare__7603074530570980638_v3_31flashlite/beat-01.mp4,34.0,37.0,application_moment,product-like application,1,"A brush is applying a thick, golden, honey-like mask onto a person's face.",BRUSH,,"Demonstrates the satisfying, luxurious application of a honey-based mask, which is highly relevant to the MUMUKI product texture.",Use this as a direct visual reference for how to showcase the texture and application of the MUMUKI Honey Banana BDRN Ampoule.
7603074530570980638,@bithhnh387,Frozen Banana Skincare,/Users/borgrise/Desktop/codex/视频创作_重构版/01-内容生产/workspaces/MUMUKI_Creator_Reference_Hub/site/assets/videos/viral-bithhnh387-7603074530570980638.mp4,/Users/borgrise/Desktop/codex/视频创作_重构版/01-内容生产/workspaces/MUMUKI_Creator_Reference_Hub/content/visual-hook-mining/clips/bithhnh387__frozen-banana-skincare__7603074530570980638_v3_31flashlite/beat-02.mp4,25.0,29.0,texture_moment,honey texture / sticky texture,2,"Honey is being poured from a spoon into a glass container, showing its viscous, golden texture.",COOL,Then mix in a little honey.,"Visualizes the key ingredient (honey) in a way that emphasizes its premium, sticky, and nourishing quality.",Can be used as a B-roll shot to highlight the honey ingredient in the MUMUKI formula.
7603074530570980638,@bithhnh387,Frozen Banana Skincare,/Users/borgrise/Desktop/codex/视频创作_重构版/01-内容生产/workspaces/MUMUKI_Creator_Reference_Hub/site/assets/videos/viral-bithhnh387-7603074530570980638.mp4,/Users/borgrise/Desktop/codex/视频创作_重构版/01-内容生产/workspaces/MUMUKI_Creator_Reference_Hub/content/visual-hook-mining/clips/bithhnh387__frozen-banana-skincare__7603074530570980638_v3_31flashlite/beat-03.mp4,43.0,46.0,application_moment,face close-up,3,"Close-up of the mask being smoothed over the skin, showing the texture and coverage.",MINUTES,,"Shows the product sitting on the skin, which helps the viewer visualize the skincare experience.",Good for demonstrating the 'masking' or 'treatment' aspect of the ampoule.
7603074530570980638,@bithhnh387,Frozen Banana Skincare,/Users/borgrise/Desktop/codex/视频创作_重构版/01-内容生产/workspaces/MUMUKI_Creator_Reference_Hub/site/assets/videos/viral-bithhnh387-7603074530570980638.mp4,/Users/borgrise/Desktop/codex/视频创作_重构版/01-内容生产/workspaces/MUMUKI_Creator_Reference_Hub/content/visual-hook-mining/clips/bithhnh387__frozen-banana-skincare__7603074530570980638_v3_31flashlite/beat-04.mp4,55.5,58.5,payoff_moment,skin glow / skin payoff,4,"A person with glowing, radiant skin is shown next to the banana character holding a coconut.",WOW,"Wow, look at that glow.","Provides the 'after' result, which is crucial for proving the efficacy of the skincare routine.",Use this as the 'result' shot to show the skin benefits of using the MUMUKI ampoule.
7603074530570980638,@bithhnh387,Frozen Banana Skincare,/Users/borgrise/Desktop/codex/视频创作_重构版/01-内容生产/workspaces/MUMUKI_Creator_Reference_Hub/site/assets/videos/viral-bithhnh387-7603074530570980638.mp4,/Users/borgrise/Desktop/codex/视频创作_重构版/01-内容生产/workspaces/MUMUKI_Creator_Reference_Hub/content/visual-hook-mining/clips/bithhnh387__frozen-banana-skincare__7603074530570980638_v3_31flashlite/beat-05.mp4,16.0,19.0,diy_moment,DIY skincare mess,5,Banana peels are being stirred in a pot of boiling water.,FIRST,"First, toss the peel in a little water.","Shows the 'DIY' process, which is a popular content angle that drives curiosity.",Can be used to contrast the 'messy DIY' process with the 'convenience and efficacy' of the ready-to-use MUMUKI ampoule.
7615701080982211853,@tenishaward1,Brighter Clearer Skin,/Users/borgrise/Desktop/codex/视频创作_重构版/01-内容生产/workspaces/MUMUKI_Creator_Reference_Hub/site/assets/videos/viral-tenishaward1-7615701080982211853.mp4,/Users/borgrise/Desktop/codex/视频创作_重构版/01-内容生产/workspaces/MUMUKI_Creator_Reference_Hub/content/visual-hook-mining/clips/tenishaward1__brighter-clearer-skin__7615701080982211853_v3_31flashlite/beat-01.mp4,0.0,2.5,hook_moment,stop-power,1,"The creator is applying a thick, bright yellow paste onto her face with a brush, covering her entire face.",POV: You just want bright skin✨,,The high-contrast yellow color and the immediate application create a strong visual hook that stops the scroll.,Use this as a direct visual hook for the MUMUKI ampoule application to show texture and coverage.
7615701080982211853,@tenishaward1,Brighter Clearer Skin,/Users/borgrise/Desktop/codex/视频创作_重构版/01-内容生产/workspaces/MUMUKI_Creator_Reference_Hub/site/assets/videos/viral-tenishaward1-7615701080982211853.mp4,/Users/borgrise/Desktop/codex/视频创作_重构版/01-内容生产/workspaces/MUMUKI_Creator_Reference_Hub/content/visual-hook-mining/clips/tenishaward1__brighter-clearer-skin__7615701080982211853_v3_31flashlite/beat-02.mp4,2.5,5.0,product_application,texture-demonstration,2,"Close-up of the brush spreading the smooth, thick yellow paste across the cheek and forehead.",,,"Demonstrates the satisfying, smooth texture of the DIY mask, which is highly relevant to the texture of an ampoule.",Show the MUMUKI ampoule being spread on the skin in a similar close-up to highlight its consistency.
7615701080982211853,@tenishaward1,Brighter Clearer Skin,/Users/borgrise/Desktop/codex/视频创作_重构版/01-内容生产/workspaces/MUMUKI_Creator_Reference_Hub/site/assets/videos/viral-tenishaward1-7615701080982211853.mp4,/Users/borgrise/Desktop/codex/视频创作_重构版/01-内容生产/workspaces/MUMUKI_Creator_Reference_Hub/content/visual-hook-mining/clips/tenishaward1__brighter-clearer-skin__7615701080982211853_v3_31flashlite/beat-03.mp4,5.0,7.5,product_application,satisfying-application,3,The creator is carefully applying the mask around the nose and mouth area with a brush.,,,The precision application is visually satisfying and mimics the professional application of skincare products.,Use this to show the precision application of the MUMUKI ampoule around targeted areas.
7615701080982211853,@tenishaward1,Brighter Clearer Skin,/Users/borgrise/Desktop/codex/视频创作_重构版/01-内容生产/workspaces/MUMUKI_Creator_Reference_Hub/site/assets/videos/viral-tenishaward1-7615701080982211853.mp4,/Users/borgrise/Desktop/codex/视频创作_重构版/01-内容生产/workspaces/MUMUKI_Creator_Reference_Hub/content/visual-hook-mining/clips/tenishaward1__brighter-clearer-skin__7615701080982211853_v3_31flashlite/beat-04.mp4,7.5,9.9,result_moment,skin-payoff,4,"The creator touches her clean, glowing skin, showing the final result after the mask.",,,Provides the 'payoff' or the desired outcome that viewers are looking for in skincare content.,Show the 'after' glow of the skin after using the MUMUKI ampoule to prove efficacy.
7618385031932808462,@scottyscheller,Honey Health Hook,/Users/borgrise/Desktop/codex/视频创作_重构版/01-内容生产/workspaces/MUMUKI_Creator_Reference_Hub/site/assets/videos/viral-scottyscheller-7618385031932808462.mp4,/Users/borgrise/Desktop/codex/视频创作_重构版/01-内容生产/workspaces/MUMUKI_Creator_Reference_Hub/content/visual-hook-mining/clips/scottyscheller__honey-health-hook__7618385031932808462_v3_31flashlite/beat-01.mp4,0.0,2.5,hook_moment,stop-power,1,"Close-up of a spoon lifting a thick, viscous, golden honey from a jar, creating a long, slow drip.",YOUR FAMILY NEEDS THIS,,"The extreme close-up and the satisfying, thick texture of the honey immediately grab attention.",Use a similar close-up shot of the honey-infused ampoule texture to demonstrate its richness and quality.
7618385031932808462,@scottyscheller,Honey Health Hook,/Users/borgrise/Desktop/codex/视频创作_重构版/01-内容生产/workspaces/MUMUKI_Creator_Reference_Hub/site/assets/videos/viral-scottyscheller-7618385031932808462.mp4,/Users/borgrise/Desktop/codex/视频创作_重构版/01-内容生产/workspaces/MUMUKI_Creator_Reference_Hub/content/visual-hook-mining/clips/scottyscheller__honey-health-hook__7618385031932808462_v3_31flashlite/beat-02.mp4,12.0,14.5,texture_demonstration,texture-appeal,2,"The creator holds the jar up to the camera, showing the honey dripping slowly off the spoon.",SUPERFOOD HONEY,This is superfood honey.,"Highlights the premium, raw, and natural quality of the ingredient.",Show the ampoule's texture dripping from a dropper to emphasize its concentrated formula.
7618385031932808462,@scottyscheller,Honey Health Hook,/Users/borgrise/Desktop/codex/视频创作_重构版/01-内容生产/workspaces/MUMUKI_Creator_Reference_Hub/site/assets/videos/viral-scottyscheller-7618385031932808462.mp4,/Users/borgrise/Desktop/codex/视频创作_重构版/01-内容生产/workspaces/MUMUKI_Creator_Reference_Hub/content/visual-hook-mining/clips/scottyscheller__honey-health-hook__7618385031932808462_v3_31flashlite/beat-03.mp4,15.0,17.5,texture_demonstration,texture-appeal,3,"Extreme close-up of the honey being stirred in the jar, showing its thick, golden, and sticky consistency.",,,"Visualizes the 'medical grade' quality through texture, which is highly satisfying to watch.",Use a macro shot of the ampoule being swirled to highlight the honey-banana blend's viscosity.
7618385031932808462,@scottyscheller,Honey Health Hook,/Users/borgrise/Desktop/codex/视频创作_重构版/01-内容生产/workspaces/MUMUKI_Creator_Reference_Hub/site/assets/videos/viral-scottyscheller-7618385031932808462.mp4,/Users/borgrise/Desktop/codex/视频创作_重构版/01-内容生产/workspaces/MUMUKI_Creator_Reference_Hub/content/visual-hook-mining/clips/scottyscheller__honey-health-hook__7618385031932808462_v3_31flashlite/beat-04.mp4,29.5,32.0,texture_demonstration,texture-appeal,4,"The creator holds the spoon with the honey dripping down, focusing on the slow, continuous flow.",,,The slow-motion effect of the honey flow is visually hypnotic and emphasizes purity.,Create a slow-motion shot of the ampoule serum dripping to convey a sense of luxury and potency.
7618385031932808462,@scottyscheller,Honey Health Hook,/Users/borgrise/Desktop/codex/视频创作_重构版/01-内容生产/workspaces/MUMUKI_Creator_Reference_Hub/site/assets/videos/viral-scottyscheller-7618385031932808462.mp4,/Users/borgrise/Desktop/codex/视频创作_重构版/01-内容生产/workspaces/MUMUKI_Creator_Reference_Hub/content/visual-hook-mining/clips/scottyscheller__honey-health-hook__7618385031932808462_v3_31flashlite/beat-05.mp4,33.0,35.5,hook_moment,stop-power,5,"Another angle of the honey dripping from the spoon, highlighting the golden color and clarity.",,"If you want to get rid of your allergies, this is the hack for you.",Strong visual hook combined with a 'hack' claim that drives curiosity.,Use this as a B-roll to support a 'skincare hack' claim for the ampoule.
7621189679148272928,@iamedsonbrandao,Frozen Banana Lift Hack,/Users/borgrise/Desktop/codex/视频创作_重构版/01-内容生产/workspaces/MUMUKI_Creator_Reference_Hub/site/assets/videos/viral-iamedsonbrandao-7621189679148272928.mp4,/Users/borgrise/Desktop/codex/视频创作_重构版/01-内容生产/workspaces/MUMUKI_Creator_Reference_Hub/content/visual-hook-mining/clips/iamedsonbrandao__frozen-banana-lift-hack__7621189679148272928_v3_31flashlite/beat-01.mp4,0.0,3.0,hook_moment,stop-power,1,"The creator holds two halves of a frozen, dark-spotted banana directly in front of the camera.",I'M 59 AND PEOPLE THINK I'M 30 BOTOX NATURAL Frozen Banana,,The visual of a frozen banana used for skincare is highly unconventional and immediately grabs attention.,Use a similar 'What is this?' opening shot with the MUMUKI ampoule to create curiosity.
7621189679148272928,@iamedsonbrandao,Frozen Banana Lift Hack,/Users/borgrise/Desktop/codex/视频创作_重构版/01-内容生产/workspaces/MUMUKI_Creator_Reference_Hub/site/assets/videos/viral-iamedsonbrandao-7621189679148272928.mp4,/Users/borgrise/Desktop/codex/视频创作_重构版/01-内容生产/workspaces/MUMUKI_Creator_Reference_Hub/content/visual-hook-mining/clips/iamedsonbrandao__frozen-banana-lift-hack__7621189679148272928_v3_31flashlite/beat-02.mp4,3.5,6.5,application_moment,visual-action,2,The creator rubs the frozen banana halves along his jawline in a lifting motion.,NATURAL GUA SHA LIFTS,,"Demonstrates a clear, actionable 'hack' that viewers can mimic, proving the interest in DIY banana skincare.",Show the application of the MUMUKI ampoule using a similar upward lifting motion on the jawline.
7621189679148272928,@iamedsonbrandao,Frozen Banana Lift Hack,/Users/borgrise/Desktop/codex/视频创作_重构版/01-内容生产/workspaces/MUMUKI_Creator_Reference_Hub/site/assets/videos/viral-iamedsonbrandao-7621189679148272928.mp4,/Users/borgrise/Desktop/codex/视频创作_重构版/01-内容生产/workspaces/MUMUKI_Creator_Reference_Hub/content/visual-hook-mining/clips/iamedsonbrandao__frozen-banana-lift-hack__7621189679148272928_v3_31flashlite/beat-03.mp4,10.5,13.0,application_moment,visual-action,3,The creator rubs the flat surface of the frozen banana directly onto his cheek.,HYDRATES,,Direct skin contact with the ingredient highlights the 'skincare' aspect of the hack.,Show the ampoule being applied directly to the cheek to emphasize hydration.
7621189679148272928,@iamedsonbrandao,Frozen Banana Lift Hack,/Users/borgrise/Desktop/codex/视频创作_重构版/01-内容生产/workspaces/MUMUKI_Creator_Reference_Hub/site/assets/videos/viral-iamedsonbrandao-7621189679148272928.mp4,/Users/borgrise/Desktop/codex/视频创作_重构版/01-内容生产/workspaces/MUMUKI_Creator_Reference_Hub/content/visual-hook-mining/clips/iamedsonbrandao__frozen-banana-lift-hack__7621189679148272928_v3_31flashlite/beat-04.mp4,17.0,20.0,application_moment,visual-action,4,The creator presses the frozen banana halves under his eyes.,SOOTHES SKIN REDUCES DARK CIRCLES,,Targets a specific pain point (dark circles) with a simple visual action.,Show the ampoule being tapped gently under the eyes to address dark circles.
7621189679148272928,@iamedsonbrandao,Frozen Banana Lift Hack,/Users/borgrise/Desktop/codex/视频创作_重构版/01-内容生产/workspaces/MUMUKI_Creator_Reference_Hub/site/assets/videos/viral-iamedsonbrandao-7621189679148272928.mp4,/Users/borgrise/Desktop/codex/视频创作_重构版/01-内容生产/workspaces/MUMUKI_Creator_Reference_Hub/content/visual-hook-mining/clips/iamedsonbrandao__frozen-banana-lift-hack__7621189679148272928_v3_31flashlite/beat-05.mp4,26.5,29.5,application_moment,visual-action,5,The creator rubs the banana on his neck in an upward motion.,GIVES A GLOW ✨,,"Focuses on the 'glow' result, which is a key benefit for skincare products.",Show the ampoule being applied to the neck to demonstrate the 'glow' effect.
7627186004625018134,@zack.chug,Banana vs t0x Hook,/Users/borgrise/Desktop/codex/视频创作_重构版/01-内容生产/workspaces/MUMUKI_Creator_Reference_Hub/site/assets/videos/viral-zack.chug-7627186004625018134.mp4,/Users/borgrise/Desktop/codex/视频创作_重构版/01-内容生产/workspaces/MUMUKI_Creator_Reference_Hub/content/visual-hook-mining/clips/zack-chug__banana-vs-t0x-hook__7627186004625018134_v3_31flashlite/beat-01.mp4,6.5,9.0,hook_moment,stop-power,1,"The creator is aggressively rubbing a banana peel directly onto his face, with mashed banana residue sticking to his skin.",WHEN YOU USE BANANA PEEL ON YOUR FACE?,So what happens when you use banana peel on your face every day?,"High visual shock value; immediately establishes the DIY skincare angle with a relatable, slightly messy action.","Use this as a 'don't do this, do this instead' transition to introduce the MUMUKI ampoule as a cleaner, more effective alternative."
7627186004625018134,@zack.chug,Banana vs t0x Hook,/Users/borgrise/Desktop/codex/视频创作_重构版/01-内容生产/workspaces/MUMUKI_Creator_Reference_Hub/site/assets/videos/viral-zack.chug-7627186004625018134.mp4,/Users/borgrise/Desktop/codex/视频创作_重构版/01-内容生产/workspaces/MUMUKI_Creator_Reference_Hub/content/visual-hook-mining/clips/zack-chug__banana-vs-t0x-hook__7627186004625018134_v3_31flashlite/beat-02.mp4,17.0,19.5,product_application,texture-shot,2,"The creator pulls a thick, gooey, skin-like substance (representing the banana extract) away from his face, showing its sticky, viscous texture.",skin damage and ACNE,,The texture shot is highly satisfying and visually mimics the viscosity of a high-quality ampoule.,Replace the DIY mess with a close-up of the MUMUKI ampoule's texture being applied to the skin to highlight its premium consistency.
7627186004625018134,@zack.chug,Banana vs t0x Hook,/Users/borgrise/Desktop/codex/视频创作_重构版/01-内容生产/workspaces/MUMUKI_Creator_Reference_Hub/site/assets/videos/viral-zack.chug-7627186004625018134.mp4,/Users/borgrise/Desktop/codex/视频创作_重构版/01-内容生产/workspaces/MUMUKI_Creator_Reference_Hub/content/visual-hook-mining/clips/zack-chug__banana-vs-t0x-hook__7627186004625018134_v3_31flashlite/beat-03.mp4,26.5,29.5,product_application,texture-shot,3,"Close-up of the creator holding a thick, yellow, fibrous banana mash between his fingers, stretching it to show elasticity.",lock in moisture,,"Focuses on the 'moisture' benefit through a tactile, visual demonstration.",Use this to demonstrate the hydrating properties of the MUMUKI ampoule by showing the product's 'stretch' and absorption on the skin.
7627186004625018134,@zack.chug,Banana vs t0x Hook,/Users/borgrise/Desktop/codex/视频创作_重构版/01-内容生产/workspaces/MUMUKI_Creator_Reference_Hub/site/assets/videos/viral-zack.chug-7627186004625018134.mp4,/Users/borgrise/Desktop/codex/视频创作_重构版/01-内容生产/workspaces/MUMUKI_Creator_Reference_Hub/content/visual-hook-mining/clips/zack-chug__banana-vs-t0x-hook__7627186004625018134_v3_31flashlite/beat-04.mp4,35.5,38.5,product_application,application-shot,4,"The creator is applying a piece of banana directly to his forehead and cheek, then wiping it off with a tissue to reveal the skin underneath.",exfoliate dead skin cells,,"Shows the 'exfoliation' benefit in a very direct, DIY way that viewers find intriguing.","Transition from the messy DIY wipe to a clean, professional wipe-off of the MUMUKI ampoule to show immediate skin brightening."
7627186004625018134,@zack.chug,Banana vs t0x Hook,/Users/borgrise/Desktop/codex/视频创作_重构版/01-内容生产/workspaces/MUMUKI_Creator_Reference_Hub/site/assets/videos/viral-zack.chug-7627186004625018134.mp4,/Users/borgrise/Desktop/codex/视频创作_重构版/01-内容生产/workspaces/MUMUKI_Creator_Reference_Hub/content/visual-hook-mining/clips/zack-chug__banana-vs-t0x-hook__7627186004625018134_v3_31flashlite/beat-05.mp4,42.5,45.0,product_application,texture-shot,5,"The creator peels a thick, mask-like layer of residue off his face, revealing the skin underneath.",it's potassium,,The 'peel-off' visual is a classic skincare trope that guarantees high retention.,"Use this as a satisfying 'reveal' moment after applying the MUMUKI ampoule to show a glowing, clean complexion."
